State,Rank,Name,City,Zip,URL,Latitude,Longitude,ADMrate,Ownership,Citytype,SAT,AvgCost,Major_agriculture,Major_NatureResource,Major_Architecture,Major_CS,Major_Edu,Major_Engineering,Major_Bio,Major_MathStat,Major_Psychology,Major_SocialScience,Major_Business,Major_History,Earn,CrimeRate,HappyRank,HappyScore,ACT,Enrollment,FBI.TotalCrime,FBI.CrimeRate,Application.Deadline
CA,1,Stanford University,Stanford,94305,www.stanford.edu/,37.426967,-122.168826,0.0509,Private nonprofit,Suburb,1465,60311,0,0,0,1,0,1,1,1,1,1,0,1,122100,396.1,10,59.96,33,7018,7470,6.05,1-Jan-19
MA,2,Williams College,Williamstown,1267,www.williams.edu,42.711669,-73.205888,0.1932,Private nonprofit,Town,1452,61850,0,1,0,1,0,0,1,1,1,1,0,1,68800,391.4,16,57.42,33,2019,242,3.2,1-Jan-19
NJ,3,Princeton University,Princeton,08544-0070,www.princeton.edu,40.34853,-74.663603,0.0744,Private nonprofit,Suburb,1491,57400,0,0,1,0,0,1,1,1,1,1,0,1,93200,261.2,20,56.82,33,5258,534,1.75,1-Jan-19
MA,4,Harvard University,Cambridge,2138,www.harvard.edu,42.374429,-71.118177,0.0596,Private nonprofit,City,1501,59950,0,1,0,1,0,1,1,1,1,1,0,1,112800,391.4,16,57.42,34,7236,5888,5.31,1-Jan-19
MA,5,Massachusetts Institute of Technology,Cambridge,02139-4307,web.mit.edu/student/,42.360095,-71.092115,0.0788,Private nonprofit,City,1500,59020,0,0,1,1,0,1,1,1,0,1,1,1,126500,391.4,16,57.42,34,4476,5888,5.31,1-Jan-19
CT,6,Yale University,New Haven,6520,www.yale.edu,41.311158,-72.926688,0.063,Private nonprofit,City,1493,61620,0,1,1,1,0,1,1,1,1,1,0,1,100500,236.9,17,57.04,33,5473,1156,4.84,31-Dec-18
CA,7,Pomona College,Claremont,91711-6319,www.pomona.edu,34.098298,-117.711944,0.1219,Private nonprofit,Suburb,1454,59730,0,1,0,1,0,1,1,1,1,1,0,1,56300,396.1,10,59.96,33,1635,10598,6.86,1-Jan-19
RI,8,Brown University,Providence,2912,www.brown.edu,41.827605,-71.404467,0.0874,Private nonprofit,City,1435,60460,0,1,0,1,1,1,1,1,1,1,1,1,68500,219.2,27,52.37,32,6264,14204,7.91,1-Jan-19
CT,9,Wesleyan University,Middletown,6459,www.wesleyan.edu,41.55678,-72.656755,0.2391,Private nonprofit,City,NULL,62849,0,1,0,1,0,0,1,1,1,1,0,1,46500,236.9,17,57.04,NULL,2907,1580,3.37,1-Jan-19
PA,10,Swarthmore College,Swarthmore,19081,www.swarthmore.edu,39.904081,-75.356066,0.1702,Private nonprofit,Suburb,1433,60671,0,1,0,1,1,1,1,1,1,1,0,1,46600,314.1,34,49.98,32,1530,188,2.67,1-Jan-19
PA,11,University of Pennsylvania,Philadelphia,19104-6303,www.upenn.edu,39.951002,-75.193618,0.1037,Private nonprofit,City,1452,61800,0,1,1,1,0,1,1,1,1,1,1,1,106900,314.1,34,49.98,33,10678,130954,8.35,1-Jan-19
MA,12,Amherst College,Amherst,01002-5000,www.amherst.edu,42.372459,-72.518493,0.1384,Private nonprofit,Suburb,1439,61544,0,1,1,1,0,0,1,1,1,1,0,1,62100,391.4,16,57.42,32,1792,668,1.67,1-Jan-19
IN,13,University of Notre Dame,Notre Dame,46556,www.nd.edu,41.703058,-86.238959,0.2114,Private nonprofit,Suburb,1450,60117,0,1,1,1,1,1,1,1,1,1,1,1,78700,365.3,40,45.94,33,8427,12260,12.11,1-Jan-19
IL,14,Northwestern University,Evanston,60208,www.northwestern.edu,42.058377,-87.673653,0.1311,Private nonprofit,City,1461,63028,0,1,0,1,1,1,1,1,1,1,1,1,73500,370,25,52.6,33,8725,3892,5.13,1-Jan-19
NY,15,Columbia University in the City of New York,New York,10027,www.columbia.edu,40.808286,-73.961885,0.0695,Private nonprofit,City,1470,64144,0,1,1,1,1,1,1,1,1,1,1,1,92100,381.8,26,52.54,33,8100,359896,4.21,1-Jan-19
NH,16,Dartmouth College,Hanover,03755-3529,www.dartmouth.edu,43.70408,-72.289951,0.115,Private nonprofit,Town,1444,63279,0,1,0,1,0,1,1,1,1,1,0,1,85300,196.1,11,59.5,32,4184,264,2.31,1-Jan-19
MA,17,Tufts University,Medford,02155-5555,www.tufts.edu,42.406994,-71.121689,0.1724,Private nonprofit,Suburb,1423,61000,0,1,1,1,0,1,1,1,1,1,0,1,82900,391.4,16,57.42,32,5143,1736,3.01,1-Jan-19
ME,18,Bowdoin College,Brunswick,4011,www.bowdoin.edu/,43.906902,-69.965241,0.1491,Private nonprofit,Town,NULL,59900,0,1,0,1,1,0,1,1,1,1,0,1,63300,127.8,33,51.32,NULL,1797,714,3.48,1-Jan-19
IL,19,University of Chicago,Chicago,60637,WWW.UCHICAGO.EDU,41.78917,-87.601196,0.0876,Private nonprofit,City,1505,64988,0,1,0,1,0,0,1,1,1,2,0,1,81700,370,25,52.6,34,5729,210116,7.7,1-Jan-19
DC,20,Georgetown University,Washington,20057-0001,www.georgetown.edu,38.908809,-77.073463,0.1735,Private nonprofit,City,1414,62179,0,0,0,1,0,0,1,1,1,1,1,1,99400,1244.4,18,57.01,32,7211,76886,11.44,10-Jan-19
MA,21,Boston College,Chestnut Hill,2467,www.bc.edu,42.337688,-71.171488,0.3391,Private nonprofit,City,1380,60690,0,1,0,1,1,0,1,1,1,1,1,1,77600,391.4,16,57.42,32,9483,40220,6.05,1-Jan-19
PA,22,Haverford College,Haverford,19041-1392,www.haverford.edu,40.013368,-75.302562,0.2469,Private nonprofit,Suburb,1422,61898,0,0,1,1,0,0,1,1,1,1,0,1,53100,314.1,34,49.98,33,1187,182,1.75,15-Jan-19
NC,23,Davidson College,Davidson,28035,www.davidson.edu/,35.500006,-80.845236,0.2167,Private nonprofit,Suburb,1337,57458,0,1,0,0,0,0,1,1,1,1,0,1,60900,329.5,30,52.16,30,1765,278,2.27,2-Jan-19
NC,24,Duke University,Durham,27708,WWW.DUKE.EDU,36.00159,-78.94226,0.1141,Private nonprofit,City,1454,61748,0,1,0,1,1,1,1,1,1,1,0,1,98300,329.5,30,52.16,33,6480,25526,9.9,2-Jan-19
MN,25,Carleton College,Northfield,55057-4001,www.carleton.edu,44.462304,-93.154662,0.2277,Private nonprofit,Town,1408,60401,0,1,0,1,0,0,1,1,1,1,0,1,52100,229.1,2,69.09,32,2042,480,2.35,15-Jan-19
CA,26,Claremont McKenna College,Claremont,91711-6400,www.cmc.edu,34.102323,-117.706593,0.1077,Private nonprofit,Suburb,1419,62010,0,1,0,1,0,1,1,1,1,1,1,1,70200,396.1,10,59.96,32,1293,10598,6.86,1-Jan-19
VA,27,Washington and Lee University,Lexington,24450-2116,www.wlu.edu/,37.787832,-79.445724,0.1946,Private nonprofit,Town,1395,58575,0,1,0,1,0,1,1,1,1,1,1,1,74900,196.2,21,56.61,32,1880,136,1.85,1-Jan-19
NY,28,Cornell University,Ithaca,14853,www.cornell.edu,42.447199,-76.483489,0.1419,Private nonprofit,City,1422,61608,1,1,1,1,1,1,1,1,1,1,1,1,81200,381.8,26,52.54,32,14195,4804,10.43,2-Jan-19
TX,29,Rice University,Houston,77005-1827,www.rice.edu,29.716485,-95.403625,0.151,Private nonprofit,City,1460,54291,0,1,1,1,0,1,1,1,1,1,1,1,76800,405.9,29,52.23,33,3888,244094,10.73,1-Jan-19
MA,30,Wellesley College,Wellesley,02481-8203,www.wellesley.edu,42.293765,-71.307966,0.3011,Private nonprofit,Suburb,1390,59092,0,1,1,1,0,0,1,1,1,1,0,1,55200,391.4,16,57.42,32,2172,436,1.47,15-Jan-19
NY,31,Vassar College,Poughkeepsie,12604,www.vassar.edu,41.685105,-73.894345,0.2354,Private nonprofit,Suburb,1403,61320,0,1,0,1,1,0,1,1,1,1,0,1,48200,381.8,26,52.54,32,2389,1846,6.07,1-Jan-19
VT,32,Middlebury College,Middlebury,5753,www.middlebury.edu,44.009117,-73.176068,0.1717,Private nonprofit,Town,1379,59470,0,1,1,1,0,0,1,1,1,1,0,1,59000,99.3,14,58.01,32,2498,316,3.69,1-Jan-19
VA,33,The University of Virginia's College at Wise,Wise,24293-4400,https://www.uvawise.edu/,36.971468,-82.558728,0.6882,Public,Town,946,20095,0,0,0,1,0,1,0,1,0,1,1,1,37400,196.2,21,56.61,20,1477,98,3.14,15-Aug-19
NY,34,Barnard College,New York,10027-6598,www.barnard.edu,40.809137,-73.964027,0.2377,Private nonprofit,City,1343,61171,0,1,1,1,0,0,1,1,1,1,0,1,51200,381.8,26,52.54,30,2556,359896,4.21,1-Jan-19
VA,35,College of William and Mary,Williamsburg,23187-8795,www.wm.edu,37.271997,-76.709417,0.3302,Public,Suburb,1373,28329,0,0,0,1,0,0,1,1,1,1,1,1,59300,196.2,21,56.61,31,6256,410,2.75,1-Jan-19
CA,36,California Institute of Technology,Pasadena,91125,www.caltech.edu,34.139275,-118.12574,0.0883,Private nonprofit,City,1545,58755,0,0,0,1,0,1,1,1,0,1,1,1,80500,396.1,10,59.96,35,983,237318,5.99,3-Jan-19
CA,37,University of California-Berkeley,Berkeley,94720,www.berkeley.edu,37.871969,-122.260423,0.1602,Public,City,1382,33020,0,1,1,1,0,1,1,1,1,1,1,1,62500,396.1,10,59.96,32,27126,12872,10.69,30-Nov-18
ME,38,Colby College,Waterville,04901-8840,www.colby.edu,44.564211,-69.66337,0.2805,Private nonprofit,Town,1333,59110,0,1,0,1,0,0,1,1,1,1,0,1,55500,127.8,33,51.32,30,1847,1522,9.34,1-Jan-19
NY,39,Colgate University,Hamilton,13346-1398,www.colgate.edu,42.8188,-75.535,0.2624,Private nonprofit,Town,1369,60050,0,1,0,1,1,0,1,1,1,1,0,1,62600,381.8,26,52.54,31,2865,5090,8.33,15-Jan-19
OH,40,Oberlin College,Oberlin,44074,www.oberlin.edu,41.29474,-82.221786,0.3272,Private nonprofit,Town,1349,62051,0,1,0,1,0,1,1,1,1,1,0,1,35400,284.9,39,46.04,30,2961,504,6.14,15-Jan-19
MI,41,University of Michigan-Ann Arbor,Ann Arbor,48109,www.umich.edu,42.276061,-83.743121,0.3224,Public,City,1380,26143,0,1,1,1,1,1,1,1,1,1,1,1,65800,427.3,43,44.17,31,28217,5184,4.37,1-Feb-19
TN,42,Vanderbilt University,Nashville,37240,www.vanderbilt.edu,36.14443,-86.804875,0.1309,Private nonprofit,City,1481,61112,0,0,0,1,1,1,1,1,1,1,0,1,69700,608.4,45,39.96,33,6818,64576,9.81,1-Jan-19
CA,43,University of California-Los Angeles,Los Angeles,90095-1405,www.ucla.edu/,34.068892,-118.443901,0.1856,Public,City,1330,32074,0,1,1,1,0,1,1,1,1,1,1,1,58800,396.1,10,59.96,30,29627,237318,5.99,30-Nov-18
NC,44,University of North Carolina at Chapel Hill,Chapel Hill,27599,www.unc.edu,35.912165,-79.050969,0.285,Public,City,1328,23978,0,1,0,1,1,0,1,1,1,1,1,1,58200,329.5,30,52.16,30,17908,25526,9.9,10-Jan-19
OH,45,Kenyon College,Gambier,43022,www.kenyon.edu/,40.374408,-82.397977,0.2506,Private nonprofit,Town,1332,59960,0,0,0,0,0,0,1,1,1,1,0,1,38300,284.9,39,46.04,30,1651,75968,8.96,15-Jan-19
PA,46,Bucknell University,Lewisburg,17837,www.bucknell.edu,40.954489,-76.886275,0.3072,Private nonprofit,Town,1317,61060,0,1,0,1,1,1,1,1,1,1,1,1,63800,314.1,34,49.98,30,3528,176,5.47,15-Jan-19
NY,47,Hamilton College,Clinton,13323,www.hamilton.edu,43.047809,-75.408853,0.2635,Private nonprofit,Rural,1393,59590,0,1,0,1,0,0,1,1,1,1,0,1,57900,381.8,26,52.54,32,1890,5090,8.33,1-Jan-19
MA,48,College of the Holy Cross,Worcester,01610-2395,www.holycross.edu,42.238942,-71.808627,0.4334,Private nonprofit,City,NULL,57754,0,0,0,0,0,0,1,1,1,1,0,1,67600,391.4,16,57.42,NULL,2754,14004,7.64,15-Jan-19
ME,49,Bates College,Lewiston,4240,www.bates.edu/,44.105299,-70.203333,0.2542,Private nonprofit,City,NULL,61000,0,1,0,0,0,1,1,1,1,1,0,1,59000,127.8,33,51.32,NULL,1773,1600,4.42,1-Jan-19
WA,50,Whitman College,Walla Walla,99362,www.whitman.edu,46.07135,-118.33016,0.4101,Private nonprofit,City,1323,56600,0,0,0,0,0,1,1,1,1,1,0,1,43600,285.2,12,59.26,30,1480,3402,10.65,15-Jan-19
MA,51,Smith College,Northampton,1063,www.smith.edu,42.317933,-72.638094,0.4221,Private nonprofit,Suburb,NULL,60167,0,1,1,1,1,1,1,1,1,1,0,1,42000,391.4,16,57.42,NULL,2563,1516,5.31,15-Jan-19
PA,52,Lafayette College,Easton,18042-1768,https://www.lafayette.edu/,40.700512,-75.209058,0.2975,Private nonprofit,Suburb,1300,59750,0,1,0,1,0,1,1,1,1,1,0,1,64900,314.1,34,49.98,29,2471,1180,4.35,15-Jan-19
PA,53,Franklin and Marshall College,Lancaster,17604-3003,WWW.FANDM.EDU,40.048045,-76.319037,0.3893,Private nonprofit,City,NULL,60765,0,1,0,1,0,0,1,1,1,1,1,1,53500,314.1,34,49.98,NULL,2182,5280,8.9,15-Jan-19
CO,54,Colorado College,Colorado Springs,80903,www.coloradocollege.edu,38.84657,-104.82422,0.179,Private nonprofit,City,NULL,57400,0,1,0,1,1,0,1,1,1,1,0,1,37600,309.1,5,61.59,NULL,2036,36974,8.17,15-Jan-19
NY,55,University of Rochester,Rochester,14627-0011,www.rochester.edu,43.126437,-77.631042,0.3641,Private nonprofit,City,NULL,61340,0,1,0,1,1,1,1,1,1,1,1,1,61200,381.8,26,52.54,NULL,6074,20210,9.63,1-Jan-19
CA,56,Harvey Mudd College,Claremont,91711,https://www.hmc.edu,34.106137,-117.710594,0.1425,Private nonprofit,Suburb,1500,63860,0,0,0,1,0,1,1,1,1,1,0,0,82100,396.1,10,59.96,34,802,10598,6.86,1-Jan-19
MO,57,Washington University in St Louis,Saint Louis,63130-4899,www.wustl.edu,38.648125,-90.311639,0.1713,Private nonprofit,Suburb,1478,63755,0,1,1,1,1,1,1,1,1,1,1,1,68900,442.9,42,44.58,33,6913,51580,16.27,15-Jan-19
NC,58,Wake Forest University,Winston-Salem,27106,www.wfu.edu,36.135301,-80.279004,0.3441,Private nonprofit,City,NULL,60210,0,0,0,1,1,0,1,1,1,1,1,1,62900,329.5,30,52.16,NULL,4861,23750,8.31,1-Jan-19
PA,59,Villanova University,Villanova,19085-1699,www.villanova.edu,40.039388,-75.345457,0.4933,Private nonprofit,Suburb,1313,58519,0,1,0,1,1,1,1,1,1,1,1,1,70700,314.1,34,49.98,30,6895,24124,7.86,15-Jan-19
PA,60,Carnegie Mellon University,Pittsburgh,15213-3890,www.cmu.edu/,40.444616,-79.942914,0.246,Private nonprofit,City,1436,61990,0,1,1,1,1,1,1,1,1,1,1,1,87400,314.1,34,49.98,32,5819,24124,7.86,1-Jan-19
OR,61,Reed College,Portland,97202-8199,www.reed.edu,45.480376,-122.63064,0.3873,Private nonprofit,City,1383,59595,0,1,0,0,0,0,1,1,1,1,0,1,36000,232.3,32,51.4,31,1335,14408,8.82,15-Jan-19
CA,62,University of Southern California,Los Angeles,90089,www.usc.edu/,34.021058,-118.283858,0.1802,Private nonprofit,City,1380,62092,0,1,1,1,0,1,1,1,1,1,1,1,74300,396.1,10,59.96,31,18392,237318,5.99,10-Jan-19
MD,63,Johns Hopkins University,Baltimore,21218-2688,www.jhu.edu,39.32838,-76.620799,0.1608,Private nonprofit,City,1439,61481,0,1,0,1,1,1,1,1,1,1,1,1,73700,446.1,23,55.14,33,6039,80966,13.03,1-Jan-19
MN,64,Macalester College,Saint Paul,55105-1899,www.macalester.edu,44.936709,-93.169855,0.3635,Private nonprofit,City,1354,57478,0,1,0,1,1,0,1,1,1,1,0,1,43500,229.1,2,69.09,30,2053,23970,7.97,15-Jan-19
WI,65,University of Wisconsin-Madison,Madison,53706-1380,www.wisc.edu,43.073858,-89.405356,0.5694,Public,City,1286,23839,1,1,1,1,1,1,1,1,1,1,1,1,57600,290.3,15,57.8,29,29302,15596,6.27,1-Feb-19
PA,66,Bryn Mawr College,Bryn Mawr,19010,www.brynmawr.edu,40.028541,-75.314988,0.4047,Private nonprofit,Suburb,1313,59760,0,0,0,1,0,0,1,1,1,1,0,1,48500,314.1,34,49.98,29,1303,182,1.75,15-Jan-19
IL,67,University of Illinois at Urbana-Champaign,Champaign,61820-5711,www.illinois.edu/,40.108864,-88.230309,0.5904,Public,City,1326,29086,1,1,1,1,1,1,1,1,1,1,1,1,58100,370,25,52.6,29,31875,5992,7.02,1-Dec-18
IA,68,Grinnell College,Grinnell,50112-1690,www.grinnell.edu,41.747048,-92.721246,0.2801,Private nonprofit,Town,1398,56354,0,0,0,1,0,0,1,1,1,1,0,1,46500,273.5,7,60.92,32,1670,496,5.49,15-Jan-19
MA,69,Brandeis University,Waltham,02454-9110,www.brandeis.edu/,42.364947,-71.254716,0.3522,Private nonprofit,City,1369,61023,0,1,0,1,1,0,1,1,1,1,1,1,53300,391.4,16,57.42,31,3715,1648,2.59,1-Jan-19
GA,70,Emory University,Atlanta,30322,www.emory.edu,33.798836,-84.325782,0.2682,Private nonprofit,Suburb,1366,59908,0,1,0,1,1,0,1,1,1,1,1,1,71800,377.3,37,47.43,31,7730,61348,13.2,15-Jan-19
WA,71,University of Washington-Seattle Campus,Seattle,98195-4550,www.washington.edu,47.656213,-122.313115,0.5521,Public,City,1240,25637,1,1,1,1,1,1,1,1,1,1,1,1,57200,285.2,12,59.26,28,29468,83694,12.24,1-Dec-18
PA,72,Lehigh University,Bethlehem,18015,www.lehigh.edu,40.607158,-75.378887,0.3427,Private nonprofit,City,1326,57043,0,1,1,1,0,1,1,1,1,1,1,1,75600,314.1,34,49.98,30,5034,182,1.75,1-Jan-19
NY,73,New York University,New York,10012-1091,www.nyu.edu,40.729452,-73.997264,0.3545,Private nonprofit,City,1344,61958,0,0,0,1,1,1,1,1,1,2,2,1,62800,381.8,26,52.54,30,24539,359896,4.21,1-Jan-19
FL,74,University of Florida,Gainesville,32611,www.ufl.edu/,29.649428,-82.339958,0.4561,Public,City,1273,20085,1,1,2,1,1,1,2,1,2,2,2,1,54300,540.5,35,49.14,29,31879,11094,8.57,1-Nov-18
MA,75,Boston University,Boston,2215,www.bu.edu,42.349581,-71.09984,0.3451,Private nonprofit,City,1300,61396,0,0,1,1,1,1,1,1,1,1,1,1,59800,391.4,16,57.42,29,16457,40220,6.05,1-Jan-19
PA,76,Dickinson College,Carlisle,17013-2896,www.dickinson.edu,40.202796,-77.197854,0.4809,Private nonprofit,City,NULL,60109,0,1,0,1,0,0,1,1,1,1,1,1,52200,314.1,34,49.98,NULL,2315,1130,5.96,1-Feb-19
CT,77,Connecticut College,New London,06320-4196,www.conncoll.edu,41.379833,-72.107321,0.376,Private nonprofit,City,NULL,60682,0,0,1,1,1,0,1,1,1,1,0,1,49300,236.9,17,57.04,NULL,1875,1588,5.81,1-Jan-19
FL,78,AI Miami International University of Art and Design,Miami,33132-1418,www.artinstitutes.edu/miami/,25.790008,-80.18839,NULL,Private for-profit,City,NULL,29975,0,0,0,1,0,0,0,0,0,0,1,0,30700,540.5,35,49.14,NULL,2778,47202,10.78,4-Jan-19
CA,79,Scripps College,Claremont,91711-3905,www.scrippscollege.edu,34.103655,-117.711336,0.284,Private nonprofit,Suburb,1360,61370,0,1,0,1,0,1,1,1,1,1,1,1,43300,396.1,10,59.96,31,962,10598,6.86,1-Jan-19
NY,80,Skidmore College,Saratoga Springs,12866,www.skidmore.edu/,43.092696,-73.785108,0.3734,Private nonprofit,Suburb,1241,60900,0,1,0,1,1,0,1,1,1,1,1,1,45000,381.8,26,52.54,28,2612,1210,4.38,15-Jan-19
ID,81,Brigham Young University-Idaho,Rexburg,83460-1690,www.byui.edu,43.815384,-111.784728,0.9962,Private nonprofit,Town,1041,11139,1,1,0,2,1,1,1,1,1,1,2,1,39900,212.2,6,60.93,23,23865,386,1.4,1-Feb-19
CA,82,Santa Clara University,Santa Clara,95053,www.scu.edu,37.352706,-121.938189,0.4935,Private nonprofit,City,1309,59020,0,1,0,1,0,1,1,1,1,1,1,1,68400,396.1,10,59.96,30,5447,7470,6.05,7-Jan-19
CA,83,California Institute of Technology,Pasadena,91125,www.caltech.edu,34.139275,-118.12574,0.0883,Private nonprofit,City,1545,58755,0,0,0,1,0,1,1,1,0,1,1,1,80500,396.1,10,59.96,35,983,237318,5.99,3-Jan-19
MI,84,Kalamazoo College,Kalamazoo,49006-3295,www.kzoo.edu,42.290382,-85.601317,0.6965,Private nonprofit,City,1239,50800,0,0,0,1,0,0,1,1,1,1,1,1,43500,427.3,43,44.17,28,1431,7094,9.29,15-Jan-19
IN,85,DePauw University,Greencastle,46135-1772,www.depauw.edu,39.63953,-86.863556,0.566,Private nonprofit,Town,1213,53410,0,1,0,1,1,0,1,1,1,1,0,1,51900,365.3,40,45.94,27,2185,105002,12.16,1-Feb-19
NY,86,Cooper Union for the Advancement of Science and Art,New York,10003-7120,www.cooper.edu,40.72938,-73.990516,0.1506,Private nonprofit,City,1388,57429,0,0,1,0,0,1,0,0,0,0,0,0,53600,381.8,26,52.54,32,852,359896,4.21,1-Jan-19
TX,87,The University of Texas at Austin,Austin,78712,www.utexas.edu,30.286598,-97.73924,0.3966,Public,City,1296,25918,0,0,1,1,0,1,1,1,1,1,1,1,60400,405.9,29,52.23,29,38914,77792,8.29,1-Dec-18
TN,88,Sewanee-The University of the South,Sewanee,37383-1000,www.sewanee.edu,35.20443,-85.917772,0.647,Private nonprofit,Rural,NULL,47970,0,1,0,1,0,0,1,1,1,1,0,1,42000,608.4,45,39.96,NULL,1616,74,6.32,1-Feb-19
GA,89,University of Georgia,Athens,30602,www.uga.edu,33.956428,-83.374049,0.5572,Public,City,1248,21981,1,1,1,1,1,1,1,1,1,1,1,1,48500,377.3,37,47.43,28,26738,9517,7.87,15-Jan-19
TN,90,Rhodes College,Memphis,38112-1690,www.rhodes.edu,35.154424,-89.989187,0.5999,Private nonprofit,City,1296,52958,0,1,0,1,0,0,1,1,1,1,1,1,50000,608.4,45,39.96,29,2007,96992,14.74,15-Jan-19
OH,91,Denison University,Granville,43023-0713,www.denison.edu,40.072582,-82.520625,0.5553,Private nonprofit,Suburb,NULL,56520,0,1,0,1,1,0,1,1,1,1,0,1,47100,284.9,39,46.04,NULL,2265,75968,8.96,15-Jan-19
CA,92,Occidental College,Los Angeles,90041-3392,www.oxy.edu,34.126224,-118.210783,0.4204,Private nonprofit,City,1300,63363,0,1,0,1,0,0,1,1,1,1,0,1,44700,396.1,10,59.96,29,2023,237318,5.99,10-Jan-19
KY,93,Centre College,Danville,40422-1394,www.centre.edu,37.645102,-84.779175,0.7157,Private nonprofit,Town,1263,47897,0,1,0,1,1,0,1,1,1,1,0,1,41000,211.6,49,35.08,29,1379,700,4.19,15-Jan-19
VA,94,University of Richmond,Richmond,23173,www.richmond.edu,37.577625,-77.538702,0.318,Private nonprofit,City,1337,57535,0,1,0,1,0,0,1,1,1,1,1,1,62900,196.2,21,56.61,31,3223,19574,8.86,15-Jan-19
MA,95,Mount Holyoke College,South Hadley,01075-1489,www.mtholyoke.edu,42.257588,-72.573625,0.547,Private nonprofit,Suburb,NULL,55454,0,1,1,1,1,0,1,1,1,1,0,1,42400,391.4,16,57.42,NULL,2161,632,3.57,15-Jan-19
DC,96,George Washington University,Washington,20052,www.gwu.edu,38.89865,-77.047871,0.4379,Private nonprofit,City,1297,61394,0,1,0,1,0,1,1,1,1,1,1,1,70000,1244.4,18,57.01,29,10433,76886,11.44,10-Jan-19
MA,97,Babson College,Wellesley,02457-0310,www.babson.edu,42.296529,-71.269479,0.2631,Private nonprofit,Suburb,1272,60494,0,0,0,0,0,0,0,0,0,0,2,0,84900,391.4,16,57.42,28,2107,436,1.47,1-Jan-19
MN,98,St Olaf College,Northfield,55057-1098,wp.stolaf.edu,44.462884,-93.183633,0.5128,Private nonprofit,Town,1292,51860,0,1,0,1,1,0,1,1,1,1,0,1,45100,229.1,2,69.09,29,2990,480,2.35,15-Jan-19
SC,99,Wofford College,Spartanburg,29303-3663,www.wofford.edu,34.957914,-81.934572,0.7739,Private nonprofit,City,1194,49150,0,1,0,1,1,0,1,1,1,1,1,1,50000,497.7,38,47.06,27,1654,5526,14.66,1-Feb-19
SC,100,Furman University,Greenville,29613-6162,www.furman.edu,34.920785,-82.441473,0.6871,Private nonprofit,Suburb,NULL,57276,0,0,0,1,1,1,1,1,1,1,1,1,48100,497.7,38,47.06,NULL,2796,6710,10.65,15-Jan-19
RI,101,Rhode Island School of Design,Providence,02903-2784,www.risd.edu,41.825935,-71.407692,0.3259,Private nonprofit,City,1254,61352,0,0,1,0,0,0,0,0,0,0,0,0,44900,219.2,27,52.37,30,2014,14204,7.91,1-Feb-19
OH,102,Case Western Reserve University,Cleveland,44106,www.case.edu,41.500812,-81.605769,0.3831,Private nonprofit,City,1375,57405,0,1,1,1,1,1,1,1,1,1,1,1,74200,284.9,39,46.04,31,4807,2244,4.99,15-Jan-19
NY,103,Sarah Lawrence College,Bronxville,10708,www.slc.edu,40.934147,-73.84381,0.5314,Private nonprofit,Suburb,NULL,64056,0,0,0,0,0,0,0,0,0,0,0,0,39400,381.8,26,52.54,NULL,1366,5916,2.93,1-Jan-19
RI,104,Providence College,Providence,02918-0001,www.providence.edu,41.844064,-71.43792,0.6306,Private nonprofit,City,NULL,57517,0,0,0,1,1,1,1,1,1,1,1,1,59400,219.2,27,52.37,NULL,3936,14204,7.91,15-Jan-19
CA,105,University of California-Santa Barbara,6160,CA,0.06704616,34.416281,-119.846404,0.3634,Public,Suburb,1253,33826,0,1,0,1,0,1,1,1,1,1,1,1,49600,396.1,10,59.96,29,20237,6160,6.7,30-Nov-18
IN,106,Indiana University-Bloomington,Bloomington,47405-7000,www.iub.edu,39.166383,-86.526904,0.7609,Public,City,1198,23716,0,1,0,1,1,0,1,1,1,1,2,1,48300,365.3,40,45.94,27,32252,5986,7.12,1-May-19
TX,107,Southern Methodist University,Dallas,75275-0221,www.smu.edu,32.845254,-96.784855,0.524,Private nonprofit,Suburb,1316,60938,0,1,0,1,1,1,1,1,1,1,1,1,62600,405.9,29,52.23,30,6340,107658,8.27,15-Mar-19
CA,108,University of California-San Diego,La Jolla,92093,www.ucsd.edu,32.876598,-117.237793,0.3329,Public,City,1313,30092,0,1,0,1,1,1,1,1,1,1,1,1,55200,396.1,10,59.96,30,24801,69480,4.96,30-Nov-18
VA,109,Virginia Polytechnic Institute and State University,Blacksburg,24061-0131,WWW.VT.EDU,37.228572,-80.423229,0.7263,Public,City,1215,26165,1,1,1,1,1,1,1,1,1,1,1,1,55900,196.2,21,56.61,NULL,24191,8306,8.32,15-Jan-19
MN,110,University of Minnesota-Twin Cities,Minneapolis,55455-0213,www1.umn.edu/twincities/index.php,44.977886,-93.235352,0.4535,Public,City,1271,24551,1,1,1,2,2,2,1,1,1,1,2,1,49900,229.1,2,69.09,28,30135,43472,10.51,31-Jan-19
CO,111,University of Colorado Boulder,Boulder,80309-0017,www.colorado.edu,40.004415,-105.267061,0.8416,Public,City,1207,28887,0,1,1,1,1,1,1,1,1,1,1,1,47000,309.1,5,61.59,27,25873,6094,5.7,15-Jan-19
PA,112,Gettysburg College,Gettysburg,17325,WWW.GETTYSBURG.EDU,39.836091,-77.234982,0.4543,Private nonprofit,City,NULL,58320,0,1,0,0,1,0,1,1,1,1,1,1,53200,314.1,34,49.98,NULL,2437,248,3.25,1-Feb-19
NY,113,Bard College,Annandale-On-Hudson,12504-5000,www.bard.edu,42.021803,-73.906243,0.4461,Private nonprofit,Town,NULL,62572,0,0,0,0,0,0,0,0,0,1,1,0,33700,381.8,26,52.54,NULL,2021,1846,6.07,1-Jan-19
CA,114,Pitzer College,Claremont,91711-6101,www.pitzer.edu,34.103408,-117.705939,0.1302,Private nonprofit,Suburb,NULL,61416,0,1,1,1,1,1,1,1,1,1,1,1,39400,396.1,10,59.96,NULL,1076,10598,6.86,1-Jan-19
DC,115,American University,Washington,20016-8001,WWW.AMERICAN.EDU,38.937802,-77.090106,0.4584,Private nonprofit,City,1252,56620,0,1,0,1,1,0,1,1,1,1,1,1,55200,1244.4,18,57.01,28,7094,76886,11.44,15-Jan-19
CA,116,University of California-Davis,Davis,95616-8678,www.ucdavis.edu,38.539895,-121.751958,0.4037,Public,Suburb,1226,32638,1,1,1,1,1,1,1,1,1,1,1,1,53700,396.1,10,59.96,28,27547,3626,5.41,30-Nov-18
NY,117,Hobart William Smith Colleges,Geneva,14456,WWW.HWS.EDU,42.857725,-76.984533,0.4753,Private nonprofit,Town,NULL,59850,0,1,1,1,0,0,1,1,1,1,0,1,49400,381.8,26,52.54,NULL,2344,2244,8.35,1-Feb-19
IN,118,Indiana University-Purdue University-Fort Wayne,Fort Wayne,46805-1499,www.ipfw.edu,41.115418,-85.111747,0.9087,Public,City,1002,18755,0,0,0,2,1,1,1,1,1,1,1,1,34500,365.3,40,45.94,22,9314,17854,6.87,1-Aug-19
PA,119,Muhlenberg College,Allentown,18104,www.muhlenberg.edu,40.597362,-75.508954,0.528,Private nonprofit,City,NULL,55200,0,1,0,1,0,0,1,1,1,1,1,1,51400,314.1,34,49.98,NULL,2332,7446,6.24,15-Feb-19
LA,120,Tulane University of Louisiana,New Orleans,70118-5698,tulane.edu,29.939696,-90.120409,8008,NY,0.081075608,1342,61055,0,1,1,1,1,1,1,1,1,1,1,1,67600,514.7,46,39.03,31,7892,37958,9.65,15-Jan-19
CA,121,Pepperdine University,Malibu,90263,www.pepperdine.edu/,34.041912,-118.707677,0.3546,Private nonprofit,Suburb,1234,61164,0,0,0,1,1,0,1,1,1,1,1,1,67300,396.1,10,59.96,28,3434,770,5.91,5-Jan-19
IN,122,Earlham College,Richmond,47374-4095,www.earlham.edu,39.822278,-84.911464,0.6452,Private nonprofit,Town,NULL,52710,0,1,0,1,0,1,1,1,1,1,1,1,30700,365.3,40,45.94,NULL,942,16828,11.96,15-Feb-19
OH,123,The College of Wooster,Wooster,44691,www.wooster.edu,40.81046,-81.934674,0.5909,Private nonprofit,Town,1229,53500,0,0,0,1,1,0,1,1,1,1,0,1,43300,284.9,39,46.04,28,2029,1714,6.43,15-Feb-19
WI,124,Lawrence University,Appleton,54911,www.lawrence.edu,44.261323,-88.397822,0.7295,Private nonprofit,City,NULL,51897,0,1,0,0,1,0,1,1,1,1,0,1,40500,290.3,15,57.8,NULL,1483,2886,3.88,15-Jan-19
NY,125,Rensselaer Polytechnic Institute,Troy,12180-3590,www.rpi.edu,42.728983,-73.678768,0.375,Private nonprofit,City,1372,61820,0,1,1,1,0,1,1,1,1,1,1,0,71400,381.8,26,52.54,30,5557,8008,8.11,15-Jan-19
IA,126,Drake University,Des Moines,50311-4505,www.drake.edu,41.60381,-93.654062,0.6926,Private nonprofit,City,1239,44261,0,1,0,1,1,0,1,1,1,1,1,1,57200,273.5,7,60.92,28,3290,19884,9.45,1-Dec-18
DE,127,University of Delaware,Newark,19716,www.udel.edu/,39.6795744,-75.7529169,0.6783,Public,Suburb,1194,23357,1,1,1,1,2,2,1,1,1,2,2,2,53100,489.1,19,57.01,27,18222,1432,4.29,15-Jan-19
VT,128,University of Vermont,Burlington,05405-0160,www.uvm.edu,44.479262,-73.198128,0.7344,Public,City,1191,28348,1,1,0,1,1,1,1,1,1,1,1,1,44500,99.3,14,58.01,27,9958,3098,7.35,15-Jan-19
CO,129,University of Denver,Denver,80208,www.du.edu,39.695954,-104.964625,0.7649,Private nonprofit,City,1231,55476,1,1,0,1,0,1,1,1,1,2,2,1,53000,309.1,5,61.59,28,5629,57376,8.41,15-Jan-19
CO,130,Colorado School of Mines,Golden,80401,www.mines.edu,39.75079,-105.227148,0.3647,Public,Suburb,1333,30154,0,0,0,1,0,1,0,1,0,1,0,0,80900,309.1,5,61.59,30,4383,900,4.4,1-Apr-19
NJ,131,Rutgers University-Camden,Camden,8102,www.rutgers.edu,39.948628,-75.125303,0.6038,Public,City,1025,23651,0,0,0,1,0,0,1,1,1,1,1,1,54700,261.2,20,56.82,NULL,4801,3384,5.88,1-Oct-18
TX,132,Texas A & M University-Corpus Christi,Corpus Christi,78412-5503,www.tamucc.edu,27.718601,-97.331933,0.8462,Public,City,970,18745,0,1,0,1,0,1,1,1,1,1,1,1,41500,405.9,29,52.23,21,9074,26664,8.22,1-Jul-19
VT,133,Bennington College,Bennington,05201-6003,www.bennington.edu,42.92004,-73.237498,0.6721,Private nonprofit,Town,NULL,61920,0,1,1,1,1,0,1,1,1,1,0,1,30900,99.3,14,58.01,NULL,631,748,4.87,3-Jan-19
NY,134,Syracuse University,Syracuse,13244,syr.edu/,43.040005,-76.136633,0.5323,Private nonprofit,City,1184,57450,0,0,1,1,1,1,1,1,1,1,1,1,55000,381.8,26,52.54,27,14768,12458,8.65,1-Jan-19
NY,135,Fordham University,Bronx,10458,www.fordham.edu,40.861183,-73.889578,0.4812,Private nonprofit,City,1254,59105,0,0,0,1,1,1,1,1,1,1,1,1,53400,381.8,26,52.54,28,8485,359896,4.21,1-Jan-19
WI,136,Beloit College,Beloit,53511-5595,www.beloit.edu,42.50363,-89.03147,0.6931,Private nonprofit,City,NULL,50378,0,1,0,1,1,1,1,1,1,1,1,1,39100,290.3,15,57.8,NULL,1225,2597,7.05,1-Dec-18
CT,137,University of Connecticut,Storrs,6269,uconn.edu/,41.806261,-72.247969,0.4996,Public,Suburb,1246,26966,1,1,1,1,1,1,1,1,1,1,1,1,55200,236.9,17,57.04,28,18016,186,1.5,15-Jan-19
OR,138,Willamette University,Salem,97301,www.willamette.edu,44.935743,-123.030727,0.8131,Private nonprofit,City,1209,54536,0,1,0,1,0,0,1,1,1,1,0,1,44400,232.3,32,51.4,27,2009,14408,8.82,15-Jan-19
MI,139,Michigan State University,East Lansing,48824-1046,www.msu.edu,42.73212,-84.476111,0.6609,Public,City,1158,24323,1,1,1,1,1,1,1,1,1,1,1,1,51700,427.3,43,44.17,26,38395,1644,3.38,15-Jan-19
CA,140,Loyola Marymount University,Los Angeles,90045-2659,www.lmu.edu,33.970633,-118.415655,0.5271,Private nonprofit,City,1218,57016,0,1,0,1,0,1,1,1,1,1,1,1,59700,396.1,10,59.96,28,6064,237318,5.99,15-Jan-19
MA,141,Hampshire College,Amherst,01002-5001,www.hampshire.edu,42.324772,-72.532401,0.6664,Private nonprofit,Suburb,NULL,60048,1,1,1,1,1,0,1,1,1,1,1,1,29600,391.4,16,57.42,NULL,1358,668,1.67,1-Jan-19
IN,142,Wabash College,Crawfordsville,47933-0352,www.wabash.edu,40.037799,-86.905809,0.6998,Private nonprofit,Town,1128,46660,0,0,0,0,0,0,1,1,1,1,0,1,51300,365.3,40,45.94,25,923,7564,10.64,15-Jan-19
NY,143,St Lawrence University,Canton,13617,www.stlawu.edu,44.589879,-75.161343,0.4764,Private nonprofit,Town,NULL,59550,0,1,0,1,0,0,1,1,1,1,1,1,47800,381.8,26,52.54,NULL,2282,68,1.02,1-Feb-19
ME,144,College of the Atlantic,Bar Harbor,4609,www.coa.edu,44.399584,-68.228849,0.711,Private nonprofit,Town,NULL,49890,0,0,0,0,0,0,0,0,0,0,0,0,22400,127.8,33,51.32,NULL,365,174,3.27,15-Feb-19
MI,145,Hope College,Holland,49422-9000,www.hope.edu,42.788052,-86.105376,0.7741,Private nonprofit,City,1185,39856,0,0,0,1,1,1,1,1,1,1,1,1,41900,427.3,43,44.17,26,3312,1994,5.9,2-Nov-18
OR,146,Lewis & Clark College,Portland,97219-7899,www.lclark.edu/,45.450547,-122.672478,0.6662,Private nonprofit,City,NULL,55517,0,1,0,1,0,0,1,1,1,1,0,1,42300,232.3,32,51.4,NULL,2039,14408,8.82,1-Mar-19
WI,147,Marquette University,Milwaukee,53233,www.marquette.edu,43.03903,-87.927961,0.6671,Private nonprofit,City,1220,48364,0,0,0,1,1,1,1,1,1,1,1,1,59500,290.3,15,57.8,27,8212,70370,11.72,1-Dec-18
CA,148,Westmont College,Santa Barbara,93108-1089,www.westmont.edu,34.449265,-119.661932,0.7936,Private nonprofit,Suburb,1175,53670,0,0,0,1,0,1,1,1,1,1,1,1,43600,396.1,10,59.96,26,1297,6160,6.7,15-Aug-19
UT,149,University of Utah,Salt Lake City,84112-9008,www.utah.edu,40.762484,-111.846044,0.8142,Public,City,1131,18931,0,1,1,1,1,1,1,1,1,1,1,1,51800,215.6,1,71.02,25,22804,39112,20.37,1-Apr-19
AZ,150,Arizona State University-Tempe,Tempe,85287,www.asu.edu/,33.422247,-111.934629,0.8433,Public,City,1145,22312,0,1,1,1,1,1,1,1,1,2,1,1,46600,399.9,31,51.51,25,39316,16726,9.53,1-Feb-19
AR,151,Hendrix College,Conway,72032-3080,www.hendrix.edu,35.09972,-92.442021,0.8282,Private nonprofit,City,1244,52536,0,1,0,1,0,0,1,1,1,1,1,1,36500,480.1,47,38.22,28,1322,6726,10.23,1-Jun-19
CA,152,University of California-Irvine,Irvine,92697,www.uci.edu/,33.648434,-117.841248,0.3742,Public,City,1168,29759,0,1,1,1,1,1,1,1,1,1,1,1,51500,396.1,10,59.96,26,24474,8024,3.11,30-Nov-18
VA,153,Virginia Military Institute,Lexington,24450-0304,www.vmi.edu,37.790644,-79.435737,0.444,Public,Town,1162,25642,0,0,0,1,0,1,1,1,1,1,0,1,53900,196.2,21,56.61,26,1700,136,1.85,1-Feb-19
PA,154,Pennsylvania State University-Dickinson Law,Carlisle,17013-2861,law.psu.edu/,40.199443,-77.197794,NULL,Public,City,NULL,NA,0,0,0,0,0,0,0,0,0,0,0,0,47600,314.1,34,49.98,NULL,NULL,1130,5.96,31-Jan-19
CT,155,Fairfield University,Fairfield,06824-5195,fairfield.edu/,41.160732,-73.25778,0.7153,Private nonprofit,Suburb,NULL,57966,0,0,0,1,1,1,1,1,1,1,1,1,64600,236.9,17,57.04,NULL,3841,1932,3.13,15-Jan-19
MA,156,Worcester Polytechnic Institute,Worcester,01609-2280,www.wpi.edu,42.275067,-71.808792,0.4378,Private nonprofit,City,NULL,57637,0,0,0,1,0,1,1,1,1,1,1,0,72900,391.4,16,57.42,NULL,4123,14004,7.64,1-Feb-19
CA,157,California Polytechnic State University-San Luis Obispo,San Luis Obispo,93407,calpoly.edu,35.29889,-120.65856,0.3089,Public,Suburb,1234,24218,1,1,1,1,1,1,1,1,1,1,1,1,59900,396.1,10,59.96,28,19177,4074,8.65,30-Nov-18
SC,158,Clemson University,Clemson,29634,www.clemson.edu,34.677329,-82.834463,0.5152,Public,Suburb,1261,26065,1,1,1,1,1,2,1,1,1,1,1,1,48700,497.7,38,47.06,29,17083,1002,6.52,1-May-19
NC,159,Elon University,Elon,27244-2010,www.elon.edu,36.104149,-79.505632,0.5393,Private nonprofit,Suburb,1225,43388,0,1,0,1,1,1,1,1,1,1,1,1,47500,329.5,30,52.16,27,5782,4497,8.65,10-Jan-19
LA,160,Louisiana State University Health Sciences Center-New Orleans,New Orleans,70112-2223,www.lsuhsc.edu,29.957272,-90.083145,NULL,Public,City,NULL,NA,0,0,0,0,0,0,0,0,0,0,0,0,83000,514.7,46,39.03,NULL,911,37958,9.65,30-Nov-18
PA,161,Juniata College,Huntingdon,16652-2196,www.juniata.edu,40.499511,-78.015204,0.7417,Private nonprofit,Town,NULL,49098,0,1,0,1,1,1,1,1,1,1,1,1,47300,314.1,34,49.98,NULL,1517,178,2.53,15-Mar-19
MN,162,Gustavus Adolphus College,Saint Peter,56082-1498,WWW.GUSTAVUS.EDU,44.324968,-93.971928,0.6107,Private nonprofit,Town,NULL,50008,0,1,0,1,1,0,1,1,1,1,1,1,47600,229.1,2,69.09,NULL,2455,388,3.33,1-Apr-19
VA,163,James Madison University,Harrisonburg,22807,www.jmu.edu/,38.435332,-78.871663,0.6573,Public,City,1153,22601,0,0,0,1,0,1,1,1,1,1,1,1,53100,196.2,21,56.61,26,18697,2714,5.1,15-Jan-19
PA,164,Ursinus College,Collegeville,19426-1000,www.ursinus.edu,40.19405,-75.455654,0.8316,Private nonprofit,Suburb,NULL,58610,0,1,0,1,0,1,1,1,1,1,1,1,51300,314.1,34,49.98,NULL,1656,144,2.68,15-Feb-19
FL,165,Florida State University,Tallahassee,32306-1037,www.fsu.edu,30.4421,-84.294801,0.5539,Public,City,1228,21408,0,1,0,1,1,1,1,1,1,1,1,1,44700,540.5,35,49.14,28,32432,23354,12.31,15-Jan-19
MA,166,Bentley University,Waltham,02452-4705,www.bentley.edu,42.388798,-71.220148,0.4611,Private nonprofit,City,1247,56768,0,0,0,1,0,0,0,1,0,0,1,1,75600,391.4,16,57.42,28,4190,1648,2.59,7-Jan-19
NJ,167,Ramapo College of New Jersey,Mahwah,07430-1680,www.ramapo.edu,41.007523,-74.116384,0.5332,Public,Suburb,1082,27561,0,1,0,1,0,0,1,1,1,1,1,1,48200,261.2,20,56.82,23,5447,9676,6.6,1-Mar-19
WA,168,Gonzaga University,Spokane,99258-0001,www.gonzaga.edu,47.668144,-117.403062,0.6751,Private nonprofit,City,1207,48357,0,1,0,1,1,1,1,1,1,1,1,1,52200,285.2,12,59.26,27,4754,34045,16.01,1-Feb-19
OR,169,University of Portland,Portland,97203-5798,www.up.edu,45.571807,-122.726859,0.6293,Private nonprofit,City,1195,51947,0,1,0,1,1,1,1,1,1,1,1,1,53800,232.3,32,51.4,NULL,3648,14408,8.82,1-Feb-19
IN,170,Rose-Hulman Institute of Technology,Terre Haute,47803-3920,www.rose-hulman.edu,39.480946,-87.32357,0.5879,Private nonprofit,City,1308,57138,0,0,0,1,0,1,1,1,0,1,0,0,73500,365.3,40,45.94,30,2208,6016,9.86,1-Mar-19
IA,171,University of Iowa,Iowa City,52242-1316,www.uiowa.edu,41.660695,-91.535698,0.8095,Public,City,1164,20691,0,1,0,1,1,1,1,1,1,1,2,1,51500,273.5,7,60.92,26,21486,4234,5.66,1-Apr-19
TX,172,Baylor University,Waco,76798,www.baylor.edu,31.545956,-97.119359,0.5536,Private nonprofit,City,1227,53797,0,1,0,1,1,1,1,1,1,1,1,1,48000,405.9,29,52.23,27,13801,11216,8.53,1-Feb-19
MA,173,Emerson College,Boston,02116-4624,www.emerson.edu,42.35532,-71.074037,0.4918,Private nonprofit,City,1244,53499,0,0,0,0,1,0,0,0,0,0,1,0,41800,391.4,16,57.42,28,3757,40220,6.05,5-Jan-19
MI,174,Calvin College,Grand Rapids,49546,www.calvin.edu,42.929916,-85.587548,0.7314,Private nonprofit,City,1182,40694,0,1,0,1,1,1,1,1,1,1,1,1,40900,427.3,43,44.17,26,3825,12048,6.17,15-Aug-19
NC,175,North Carolina State University at Raleigh,Raleigh,27695-7001,www.ncsu.edu,35.785111,-78.674517,0.516,Public,City,1253,22046,1,1,1,1,1,1,1,1,1,1,1,1,49200,329.5,30,52.16,28,22925,3956,2.47,1-Feb-19
IL,176,Knox College,Galesburg,61401-9999,https://www.knox.edu,40.941829,-90.370316,0.6824,Private nonprofit,Town,NULL,49190,0,1,0,1,1,0,1,1,1,1,0,1,35600,370,25,52.6,NULL,1376,2042,6.48,1-Feb-19
WA,177,University of Puget Sound,Tacoma,98416,www.pugetsound.edu,47.263651,-122.479714,0.7929,Private nonprofit,City,1230,55948,0,0,0,1,1,0,1,1,1,1,1,1,46400,285.2,12,59.26,28,2550,29518,14.27,15-Jan-19
MD,178,Loyola University Maryland,Baltimore,21210-2699,www.loyola.edu,39.346044,-76.623417,0.5963,Private nonprofit,City,NULL,57775,0,0,0,1,1,1,1,1,1,1,1,1,61700,446.1,23,55.14,NULL,4062,80966,13.03,15-Jan-19
CA,179,University of Redlands,Redlands,92373-0999,www.redlands.edu,34.063571,-117.163847,0.7309,Private nonprofit,City,1110,57347,0,1,0,1,1,0,1,1,1,1,1,1,47900,396.1,10,59.96,25,3710,6846,9.63,1-Apr-19
NY,180,Yeshiva University,New York,10033-3299,www.yu.edu,40.8508,-73.928541,0.818,Private nonprofit,City,1221,55075,0,0,0,1,1,0,1,1,1,1,1,1,65500,381.8,26,52.54,26,2814,359896,4.21,15-Feb-19
AL,181,Auburn University,Auburn,36849,www.auburn.edu,32.604685,-85.482782,0.8347,Public,City,1215,25282,1,1,1,1,1,1,1,1,1,1,2,1,46800,427.4,50,34.15,27,20514,3510,5.66,1-Nov-18
AL,182,Samford University,Birmingham,35229-2240,www.samford.edu,33.464578,-86.790932,0.5954,Private nonprofit,Suburb,1165,40900,0,1,0,1,1,1,1,1,1,1,1,1,49200,427.4,50,34.15,26,3033,34412,16.21,1-May-19
VT,183,Saint Michael's College,Colchester,5439,www.smcvt.edu,44.494212,-73.163136,0.8046,Private nonprofit,Suburb,NULL,50806,0,1,0,1,1,1,1,1,1,1,1,1,45800,99.3,14,58.01,NULL,2038,596,3.42,1-Feb-19
OK,184,University of Oklahoma-Health Sciences Center,Oklahoma City,73104-5499,ouhsc.edu,35.47928,-97.496289,NULL,Public,City,NULL,NA,0,0,0,0,0,0,0,0,0,0,0,0,52000,406,44,41.36,NULL,828,59552,9.44,30-Jun-19
CA,185,University of California-Santa Cruz,Santa Cruz,95064-1011,www.ucsc.edu/,36.997258,-122.067993,0.5572,Public,City,1149,33036,1,1,0,1,1,1,1,1,1,1,1,1,42400,396.1,10,59.96,26,16277,8120,12.67,30-Nov-18
NH,186,University of New Hampshire-School of Law,Concord,03301-4197,law.unh.edu,43.207371,-71.545152,NULL,Public,Town,NULL,NA,0,0,0,0,0,0,0,0,0,0,0,0,97700,196.1,11,59.5,NULL,NULL,1962,4.63,15-Mar-19
NC,187,University of North Carolina at Asheville,Asheville,28804-8510,www.unca.edu,35.616618,-82.565259,0.7314,Public,City,1191,18574,0,1,0,1,0,1,1,1,1,1,1,1,32200,329.5,30,52.16,26,3425,9619,10.81,15-Feb-19
OH,188,University of Dayton,Dayton,45469,https://www.udayton.edu,39.73686,-84.173662,0.5901,Private nonprofit,City,1194,49540,0,0,0,1,2,1,1,1,1,1,1,1,50200,284.9,39,46.04,27,8305,16828,11.96,1-Mar-19
PA,189,University of Pittsburgh-Bradford,Bradford,16701,www.upb.pitt.edu/,41.944173,-78.673039,0.6542,Public,Town,985,24809,0,0,0,1,1,1,1,1,1,1,1,0,51500,314.1,34,49.98,22,1466,680,8,15-Feb-19
MA,190,University of Massachusetts-Amherst,Amherst,1003,www.umass.edu,42.386162,-72.52617,0.6139,Public,Suburb,1217,26207,1,1,1,1,1,1,1,1,1,1,2,1,46600,391.4,16,57.42,27,21864,668,1.67,15-Jan-19
MD,191,St Mary's College of Maryland,St. Mary's City,20686-3001,www.smcm.edu,38.188615,-76.425706,0.7887,Public,Suburb,1188,29172,0,0,0,1,0,0,1,1,1,1,0,1,45200,446.1,23,55.14,26,1668,302,9.07,1-Jan-19
FL,192,New College of Florida,Sarasota,34243-2109,www.ncf.edu,27.384925,-82.55858,0.5987,Public,City,1274,19858,0,0,0,0,0,0,0,0,0,0,0,0,PrivacySuppressed,540.5,35,49.14,28,834,5366,9.8,15-Apr-19
OK,193,University of Tulsa,Tulsa,74104-3189,www.utulsa.edu,36.151887,-95.945175,0.4026,Private nonprofit,City,1296,49323,0,1,0,1,1,1,1,1,1,1,1,1,50000,406,44,41.36,29,3441,49040,12.21,1-Nov-18
TX,194,Texas Christian University,Fort Worth,76129,www.tcu.edu/,32.709568,-97.361537,0.4887,Private nonprofit,City,1207,50440,1,1,0,1,1,1,1,1,1,1,1,1,51700,405.9,29,52.23,27,8600,68222,8.22,15-Feb-19
CA,195,University of San Diego,San Diego,92110-2492,www.sandiego.edu,32.77142,-117.188721,0.4625,Private nonprofit,City,1243,57593,0,1,1,1,0,1,1,1,1,1,1,1,60400,396.1,10,59.96,28,5656,69480,4.96,15-Dec-18
MA,196,Stonehill College,Easton,02357-6110,www.stonehill.edu,42.061448,-71.078123,0.7696,Private nonprofit,Suburb,NULL,51977,0,1,0,1,1,0,1,1,1,1,1,1,54800,391.4,16,57.42,NULL,2274,452,1.88,15-Jan-19
ID,197,The College of Idaho,Caldwell,83605-4432,www.collegeofidaho.edu,43.652653,-116.676838,0.929,Private nonprofit,Suburb,1076,35456,0,1,0,0,1,1,1,1,1,1,1,1,36300,212.2,6,60.93,24,1113,2050,4,15-Jul-19
NE,198,Creighton University,Omaha,68178,www.creighton.edu,41.265325,-95.947029,0.7267,Private nonprofit,City,1200,47780,0,1,0,1,1,0,1,1,1,1,2,1,59700,280.4,8,60.65,27,3977,37180,8.22,15-Feb-19
MA,199,Northeastern University,Boston,02115-5005,www.northeastern.edu,42.339992,-71.088782,0.3222,Private nonprofit,City,1420,57981,0,1,1,1,0,1,1,1,1,1,1,1,61900,391.4,16,57.42,32,13492,40220,6.05,1-Jan-19
MS,200,University of Mississippi,University,38677-1848,www.olemiss.edu,34.362144,-89.539377,0.8122,Public,Town,1098,22444,0,0,0,1,1,1,2,1,1,1,2,1,48000,278.5,48,36.05,24,17809,1005,4.46,1-Jun-19
NH,201,Saint Anselm College,Manchester,03102-1310,www.anselm.edu,42.985066,-71.508177,0.7609,Private nonprofit,Suburb,NULL,49836,0,1,0,1,1,1,1,1,1,1,1,1,52300,196.1,11,59.5,NULL,1950,9624,8.7,1-Dec-18
MO,202,Saint Louis University,Saint Louis,63103-2097,www.slu.edu,38.636516,-90.23343,0.6108,Private nonprofit,City,1239,52310,0,1,0,1,1,1,1,1,1,1,2,1,53700,442.9,42,44.58,28,7822,51580,16.27,1-Dec-18
OR,203,University of Oregon,Eugene,97403,www.uoregon.edu,44.044515,-123.07398,0.749,Public,City,1116,23055,0,1,1,1,1,0,1,1,1,1,1,1,42300,232.3,32,51.4,25,20252,13544,8.38,15-Jan-19
AZ,204,University of Arizona,Tucson,85721-0066,www.arizona.edu,32.232071,-110.950769,0.7462,Public,City,NULL,24617,1,1,1,1,1,1,1,1,1,1,1,1,46200,399.9,31,51.51,NULL,32646,77314,14.6,1-May-19
VA,205,Hampden-Sydney College,Hampden-Sydney,23943-0128,www.hsc.edu,37.242482,-78.461371,0.4727,Private nonprofit,Rural,1098,52016,0,0,0,1,0,0,1,1,1,1,1,1,45700,196.2,21,56.61,24,1105,566,6.88,1-Mar-19
NY,206,Clarkson University,Potsdam,13699,www.clarkson.edu,44.663761,-74.999947,0.6214,Private nonprofit,Town,1195,57221,0,1,0,1,0,1,1,1,1,1,1,1,61900,381.8,26,52.54,27,3130,296,3.06,15-Jan-19
IA,207,Luther College,Decorah,52101-1045,www.luther.edu,43.313584,-91.803971,0.7116,Private nonprofit,Town,1157,48419,0,1,0,1,1,0,1,1,1,1,1,1,44000,273.5,7,60.92,26,2326,258,3.26,15-Jan-19
IN,208,Butler University,Indianapolis,46208,www.butler.edu,39.840662,-86.171791,0.6846,Private nonprofit,City,1205,48784,0,0,0,1,1,0,1,1,1,1,1,1,61100,365.3,40,45.94,27,4013,105002,12.16,1-Feb-19
NY,209,United States Merchant Marine Academy,Kings Point,11024-1699,WWW.USMMA.EDU,40.812154,-73.762534,NULL,Public,Suburb,NULL,8988,0,0,0,0,0,1,0,0,0,0,0,0,90200,381.8,26,52.54,NULL,939,34,0.66,1-Feb-19
NY,210,CUNY City College,New York,10031,www.ccny.cuny.edu,40.819794,-73.95055,0.3806,Public,City,1130,14824,0,1,1,1,1,1,1,1,1,1,1,1,42200,381.8,26,52.54,NULL,12175,359896,4.21,1-Feb-19
KY,211,Transylvania University,Lexington,40508-1797,www.transy.edu,38.053236,-84.493883,0.8262,Private nonprofit,City,1230,43304,0,0,0,1,1,0,1,1,1,1,1,1,39000,211.6,49,35.08,28,1014,26898,8.56,1-Feb-19
CA,212,University of San Francisco,San Francisco,94117-1080,https://www.usfca.edu,37.775564,-122.450977,0.6005,Private nonprofit,City,1152,58039,0,1,1,1,0,0,1,1,1,2,1,1,62200,396.1,10,59.96,26,6745,119458,13.83,15-Jan-19
CA,213,Saint Mary's College of California,Moraga,94575,www.stmarys-ca.edu,37.83997,-122.106795,0.7595,Private nonprofit,Rural,1109,58362,0,1,0,0,0,1,1,1,1,1,1,1,52200,396.1,10,59.96,25,2949,418,2.42,15-Feb-19
NY,214,Manhattan College,Riverdale,10471-4098,www.manhattan.edu,40.889756,-73.901893,0.6654,Private nonprofit,City,1097,48454,0,0,0,1,1,1,1,1,1,1,1,1,57800,381.8,26,52.54,25,3471,359896,4.21,15-Apr-19
IL,215,Illinois Wesleyan University,Bloomington,61702-2900,www.iwu.edu,40.491522,-88.990622,0.6043,Private nonprofit,City,1249,50324,0,1,0,1,1,0,1,1,1,1,1,1,54900,370,25,52.6,28,1883,3530,4.46,15-Nov-18
DC,216,Catholic University of America,Washington,20064,www.cua.edu,38.935796,-76.998961,0.7391,Private nonprofit,City,1130,55995,0,0,1,1,1,1,1,1,1,1,1,1,51100,1244.4,18,57.01,25,3529,76886,11.44,15-Feb-19
VA,217,George Mason University,Fairfax,22030-4444,www.gmu.edu,38.83088,-77.30794,0.6665,Public,Suburb,1152,23212,0,1,0,2,1,1,1,1,1,1,1,1,55400,196.2,21,56.61,26,21678,6332,4.15,15-Jan-19
NE,218,University of Nebraska-Lincoln,Lincoln,68588,www.unl.edu/,40.822272,-96.702177,0.6989,Public,City,1146,21286,2,1,1,1,1,1,1,1,1,1,1,1,44300,280.4,8,60.65,25,19979,19923,7.2,1-May-19
NY,219,Ithaca College,Ithaca,14850-7002,www.ithaca.edu,42.42264,-76.495057,0.5911,Private nonprofit,Suburb,NULL,55515,0,1,1,1,1,0,1,1,1,1,1,1,46900,381.8,26,52.54,NULL,6087,4804,10.43,1-Feb-19
WY,220,University of Wyoming,Laramie,82071,www.uwyo.edu,41.311943,-105.57204,0.9766,Public,Town,1118,18145,1,1,0,1,1,1,1,1,1,1,1,1,47000,195.5,13,59.24,25,9910,1138,3.52,10-Aug-19
CA,221,San Diego State University,San Diego,92182,www.sdsu.edu,32.77525,-117.071228,0.3448,Public,City,1115,20631,0,1,0,1,1,1,1,1,1,1,1,1,46400,396.1,10,59.96,25,27824,69480,4.96,30-Nov-18
PA,222,University of Scranton,Scranton,18510-4629,www.scranton.edu,41.40715,-75.658031,0.7726,Private nonprofit,City,1125,53567,0,1,0,1,1,1,1,1,1,1,1,1,52000,314.1,34,49.98,25,3909,4586,6.11,1-Mar-19
MO,223,Truman State University,Kirksville,63501-4221,www.truman.edu,40.188238,-92.580531,0.7448,Public,Town,1226,19368,1,0,0,1,0,0,1,1,1,1,1,1,40900,442.9,42,44.58,27,5394,872,4.94,15-Mar-19
OH,224,Wittenberg University,Springfield,45504,www.wittenberg.edu,39.937463,-83.814082,0.9138,Private nonprofit,City,NULL,50115,0,1,0,1,1,0,1,1,1,1,1,1,40600,284.9,39,46.04,NULL,1896,8108,13.56,1-Dec-18
IN,225,Hanover College,Hanover,47243,www.hanover.edu,38.712488,-85.461086,0.6447,Private nonprofit,Town,1101,43582,0,1,0,1,1,0,1,1,1,1,0,1,40500,365.3,40,45.94,26,1136,834,4.27,1-Mar-19
NJ,226,Stevens Institute of Technology,Hoboken,07030-5991,www.stevens.edu,40.744776,-74.025334,0.4378,Private nonprofit,Suburb,1346,59384,0,0,0,1,0,1,1,1,0,1,1,0,73900,261.2,20,56.82,31,2842,2104,3.89,1-Feb-19
MA,227,Springfield College,Springfield,01109-3797,www.springfield.edu/,42.105033,-72.555688,0.7087,Private nonprofit,City,1025,45887,0,0,0,1,1,0,1,1,1,1,1,1,42900,391.4,16,57.42,20,2136,13644,8.85,1-Aug-19
CA,228,Thomas Aquinas College,Santa Paula,93060,www.thomasaquinas.edu,34.429009,-119.087141,0.827,Private nonprofit,Rural,1261,35716,0,0,0,0,0,0,0,0,0,0,0,0,32800,396.1,10,59.96,28,378,1004,3.27,1-Aug-19
AL,229,University of Alabama at Birmingham,Birmingham,35294-0110,www.uab.edu,33.50223,-86.80917,0.8569,Public,City,1107,20621,0,0,0,1,1,1,1,1,1,1,2,1,42000,427.4,50,34.15,24,11383,34412,16.21,1-Jun-19
KS,230,University of Kansas,Lawrence,66045,www.ku.edu,38.958551,-95.247618,0.9142,Public,City,1145,23049,0,1,1,1,1,1,1,1,1,1,1,1,48900,348.6,24,54.55,25,18802,16434,10.93,1-Feb-19
WA,231,Whitworth University,Spokane,99251,www.whitworth.edu,47.753699,-117.418078,0.7476,Private nonprofit,Suburb,NULL,47538,0,0,0,1,1,0,1,1,1,1,1,1,39400,285.2,12,59.26,NULL,2340,34045,16.01,1-Mar-19
IA,232,Iowa State University,Ames,50011-2030,www.iastate.edu,42.026368,-93.648353,0.8691,Public,City,1145,18828,1,1,1,1,1,1,1,1,1,1,1,1,47600,273.5,7,60.92,25,28336,2646,4.11,1-Jul-19
IL,233,Bradley University,Peoria,61625-0001,www.bradley.edu,40.697605,-89.61462,0.643,Private nonprofit,City,1162,42090,0,1,0,1,1,1,1,1,1,1,1,1,48900,370,25,52.6,26,4585,10440,8.99,1-Feb-19
IN,234,Valparaiso University,Valparaiso,46383,www.valpo.edu,41.463176,-87.045853,0.8236,Private nonprofit,Suburb,1155,44674,0,1,0,1,1,1,1,1,1,1,1,1,45100,365.3,40,45.94,26,3210,1133,3.48,1-Dec-18
WA,235,Seattle University,Seattle,98122-4340,www.seattleu.edu,47.610138,-122.3197,0.7335,Private nonprofit,City,1183,52458,0,1,0,1,1,1,1,1,1,1,1,1,52700,285.2,12,59.26,27,4415,83694,12.24,1-Mar-19
MI,236,Albion College,Albion,49224,www.albion.edu,42.244603,-84.746088,0.6079,Private nonprofit,Town,1125,48073,0,0,0,0,1,0,1,1,1,1,1,1,44200,427.3,43,44.17,25,1249,612,7.48,1-Feb-19
TX,237,Southwestern University,Georgetown,78626,www.southwestern.edu,30.635194,-97.664637,0.4852,Private nonprofit,Suburb,1159,48080,0,1,0,1,1,0,1,1,1,1,1,1,49800,405.9,29,52.23,26,1536,1714,2.75,1-Feb-19
IL,238,Illinois Institute of Technology,Chicago,60616,www.iit.edu,41.833801,-87.628346,0.506,Private nonprofit,City,1266,51572,0,0,1,1,0,1,1,1,1,1,1,0,66500,370,25,52.6,28,3046,210116,7.7,1-Aug-19
FL,239,Rollins College,Winter Park,32789-4499,www.rollins.edu,28.591992,-81.348716,0.5729,Private nonprofit,Suburb,NULL,57686,0,1,0,1,1,0,1,1,1,1,1,1,44200,540.5,35,49.14,NULL,2670,2214,7.42,15-Feb-19
TN,240,The University of Tennessee-Knoxville,Knoxville,37996,www.utk.edu,35.955093,-83.929696,0.7483,Public,City,1198,27450,1,1,1,1,1,1,1,1,1,1,1,1,47600,608.4,45,39.96,27,21396,25726,13.86,1-Jun-19
SC,241,Presbyterian College,Clinton,29325,https://www.presby.edu,34.465697,-81.874408,0.5372,Private nonprofit,Town,1090,46378,0,0,0,1,1,0,1,1,1,1,1,1,41300,497.7,38,47.06,24,1032,930,10.75,30-Jun-19
AR,242,University of Arkansas,Fayetteville,72701,www.uark.edu,36.06153,-94.178214,0.6204,Public,City,1155,20350,1,1,1,1,1,1,1,1,1,1,2,1,44500,480.1,47,38.22,26,21405,8100,9.83,1-Aug-19
CA,243,University of California-Riverside,Riverside,92521,WWW.UCR.EDU,33.97588,-117.331098,0.5829,Public,City,1128,30174,0,1,0,1,0,1,1,1,1,1,1,1,43500,396.1,10,59.96,25,18784,23944,7.41,30-Nov-18
IN,244,Taylor University,Upland,46989-1001,https://www.taylor.edu,40.458382,-85.496906,0.8803,Private nonprofit,Town,1184,39699,0,1,0,1,1,1,1,1,1,1,2,1,36000,365.3,40,45.94,27,1855,4784,8.65,1-Jun-19
SC,245,Citadel Military College of South Carolina,Charleston,29409,www.citadel.edu,32.796975,-79.961399,0.7554,Public,City,1073,25442,0,0,0,1,1,1,1,1,1,1,1,1,50000,497.7,38,47.06,23,2688,7154,5.4,1-Jun-19
AR,246,Imagine-Paul Mitchell Partner School,North Little Rock,72117,www.pmlittlerock.com,34.791306,-92.221304,NULL,Private for-profit,City,NULL,NA,0,0,0,0,0,0,0,0,0,0,0,0,PrivacySuppressed,480.1,47,38.22,NULL,398,7510,11.05,1-Jun-19
NJ,247,Drew University,Madison,7940,www.drew.edu,40.757026,-74.425825,0.7017,Private nonprofit,Suburb,1118,58700,0,1,0,1,0,0,1,1,1,1,1,1,45800,261.2,20,56.82,25,1356,142,0.88,15-Feb-19
VA,248,University of Mary Washington,Fredericksburg,22401-5300,www.umw.edu,38.302206,-77.474392,0.7672,Public,Suburb,1114,23371,0,0,0,1,0,0,1,1,1,1,1,1,46700,196.2,21,56.61,25,4101,2590,8.8,1-Feb-19
TX,249,University of Dallas,Irving,75062-4736,www.udallas.edu,32.846202,-96.921573,0.8513,Private nonprofit,City,1211,48274,0,0,0,1,1,0,1,1,1,1,1,1,44600,405.9,29,52.23,27,1324,13020,5.51,1-Mar-19
NY,250,CUNY Queens College,Queens,11367,www.qc.cuny.edu,40.737771,-73.815387,0.3982,Public,City,1090,14465,0,1,0,1,1,0,1,1,1,1,1,1,44600,381.8,26,52.54,NULL,14842,359896,4.21,1-Jun-19
AZ,251,Arizona State University-Tempe,Tempe,85287,www.asu.edu/,33.422247,-111.934629,0.8433,Public,City,1145,22312,0,1,1,1,1,1,1,1,1,2,1,1,46600,399.9,31,51.51,25,39316,16726,9.53,1-Jun-19
IL,252,Loyola University Chicago,Chicago,60660,www.luc.edu,41.999161,-87.657399,0.6334,Private nonprofit,City,1212,48958,0,1,0,2,1,0,1,1,2,1,2,1,51800,370,25,52.6,27,10042,210116,7.7,1-Jun-19
IL,253,DePaul University,Chicago,60604,www.depaul.edu,41.923332,-87.654116,0.6988,Private nonprofit,City,NULL,48173,0,1,1,2,1,0,1,1,1,1,1,1,49700,370,25,52.6,NULL,15858,210116,7.7,1-Feb-19
TX,254,Austin College,Sherman,75090-4400,www.austincollege.edu,33.646307,-96.598772,0.5438,Private nonprofit,City,1159,47404,0,1,0,1,0,0,1,1,1,1,1,1,43900,405.9,29,52.23,25,1272,2738,6.79,1-Mar-19
PA,255,Washington & Jefferson College,Washington,15301,www.washjeff.edu,40.171898,-80.240388,0.4165,Private nonprofit,Suburb,NULL,51369,0,1,0,1,1,0,1,1,1,1,1,1,48200,314.1,34,49.98,NULL,1323,24124,7.86,1-Mar-19
OH,256,John Carroll University,University Heights,44118-4581,sites.jcu.edu/,41.488978,-81.533103,0.8291,Private nonprofit,Suburb,1116,46851,0,1,0,1,1,1,1,1,1,1,1,1,48300,284.9,39,46.04,25,3069,607,4.62,1-Feb-19
RI,257,Bryant University,Smithfield,02917-1291,www.bryant.edu,41.920149,-71.539147,0.7508,Private nonprofit,Suburb,NULL,52507,0,1,0,1,0,0,1,1,1,1,1,1,60300,219.2,27,52.37,NULL,3302,494,2.29,1-Feb-19
PA,258,Allegheny College,Meadville,16335-3902,www.allegheny.edu,41.648068,-80.146922,0.7177,Private nonprofit,Town,1170,51883,0,1,0,1,0,1,1,1,1,1,0,1,44800,314.1,34,49.98,26,1968,598,4.53,15-Feb-19
MD,259,Goucher College,Baltimore,21204-2794,www.goucher.edu,39.410175,-76.594843,0.7569,Private nonprofit,City,NULL,52462,0,1,0,1,1,0,1,1,1,1,1,1,42400,446.1,23,55.14,NULL,1463,80966,13.03,1-Jun-19
GA,260,Agnes Scott College,Decatur,30030-3770,www.agnesscott.edu,33.769996,-84.29563,0.6772,Private nonprofit,Suburb,NULL,46124,0,0,0,0,0,0,1,1,1,1,1,1,39600,377.3,37,47.43,NULL,802,1479,7.17,1-Jun-19
NY,261,CUNY Brooklyn College,Brooklyn,11210,www.brooklyn.cuny.edu,40.631912,-73.95312,0.3533,Public,City,1085,15117,0,1,0,1,1,0,1,1,1,1,1,1,41400,381.8,26,52.54,NULL,12925,359896,4.21,1-Jun-19
GA,262,Spelman College,Atlanta,30314-4399,www.spelman.edu,33.74519,-84.410118,0.54,Private nonprofit,City,1005,42739,0,1,0,1,1,1,1,1,1,1,0,1,41800,377.3,37,47.43,22,2135,61348,13.2,1-Feb-19
NY,263,CUNY Hunter College,New York,10065,www.hunter.cuny.edu,40.768669,-73.964795,0.3467,Public,City,1160,15198,0,1,0,1,1,0,1,1,1,1,1,1,43100,381.8,26,52.54,NULL,15778,359896,4.21,15-Mar-19
NE,264,Nebraska Wesleyan University,Lincoln,68504-2794,www.nebrwesleyan.edu/,40.838789,-96.648414,0.7814,Private nonprofit,City,1124,38668,0,0,0,1,1,0,1,1,1,1,1,1,43100,280.4,8,60.65,25,1803,19923,7.2,15-Aug-19
MD,265,Washington College,Chestertown,21620-1438,www.washcoll.edu,39.217329,-76.06878,0.5566,Private nonprofit,Town,NULL,54067,0,1,0,1,0,0,1,1,1,1,1,1,46700,446.1,23,55.14,NULL,1408,326,6.4,15-Feb-19
PA,266,Duquesne University,Pittsburgh,15282,www.duq.edu,40.437496,-79.993046,0.7306,Private nonprofit,City,1144,43963,0,1,0,2,1,0,1,1,1,1,2,1,60300,314.1,34,49.98,26,5969,24124,7.86,1-Jul-19
WA,267,Seattle Pacific University,Seattle,98119-1997,www.spu.edu,47.649338,-122.362923,0.834,Private nonprofit,City,1140,47389,0,0,0,1,1,1,1,1,1,1,1,1,44000,285.2,12,59.26,25,3253,83694,12.24,1-Feb-19
NY,268,Siena College,Loudonville,12211-1462,www.siena.edu,42.718586,-73.75153,0.6586,Private nonprofit,Suburb,1127,47265,0,0,0,1,0,0,1,1,1,1,1,1,50500,381.8,26,52.54,25,3085,8008,8.11,15-Feb-19
CO,269,Colorado State University-Fort Collins,Fort Collins,80523-0100,www.colostate.edu,40.574759,-105.08083,0.8048,Public,City,1128,22929,2,1,1,1,1,1,1,1,1,1,1,1,43600,309.1,5,61.59,25,22373,8656,5.42,1-Feb-19
MA,270,Simmons College,Boston,02115-5898,www.simmons.edu,42.3393,-71.099967,0.5216,Private nonprofit,City,1170,52348,1,1,0,1,1,0,1,1,1,1,1,1,51000,391.4,16,57.42,26,1598,40220,6.05,1-Feb-19
NJ,271,Seton Hall University,South Orange,07079-2697,www.shu.edu,40.742859,-74.248753,0.7554,Private nonprofit,Suburb,1133,48457,0,1,0,1,1,0,1,1,1,1,1,1,53400,261.2,20,56.82,25,5609,608,3.71,1-Jun-19
WA,272,Pacific Lutheran University,Tacoma,98447-0003,www.plu.edu,47.145494,-122.445372,0.7501,Private nonprofit,Suburb,1115,46717,0,1,0,1,1,1,1,1,1,1,1,1,44900,285.2,12,59.26,26,2874,29518,14.27,1-Jun-19